SKU,SubCategory,AP East,AP Southeast,EU North,EU West,US East,US East 2,US West,US West 2
Capacity Units,Standard v2,5.84,5.84,5.84,5.84,5.84,5.84,5.84,5.84
Capacity Units,WAF v2,10.512,10.512,10.512,10.512,10.512,10.512,10.512,10.512
Fixed Cost,Standard v2,226.3,189.8,175.2,189.8,146,146,189.8,146
Fixed Cost,WAF v2,407.34000000000003,341.64000000000004,315.36,341.64000000000004,262.8,262.8,341.64000000000004,262.8
Large Gateway,WAF,366.28479999999996,366.28479999999996,366.28479999999996,366.28479999999996,327.04,327.04,366.28479999999996,327.04
Large Gateway,Basic,261.632,261.632,261.632,261.632,233.6,233.6,261.632,233.6
Medium Gateway,WAF,103.0176,103.0176,103.0176,103.0176,91.98,91.98,103.0176,91.98
Medium Gateway,Basic,57.232,57.232,57.232,57.232,51.1,51.1,57.232,51.1
Small Gateway,Basic,20.44,20.44,20.44,20.44,18.25,18.25,20.44,18.25
