SKU,SubCategory,AP East,AP Southeast,EU North,EU West,US East,US East 2,US West,US West 2
100 GB Capacity Reservation,,221774,186004,171696,184573.2,143080,143080,160249.6,143080
200 GB Capacity Reservation,,416392,349232,322368,346545.60000000003,268640,268640,300876.80000000005,268640
300 GB Capacity Reservation,,611010,512460,473040,508518,394200,394200,441503.99999999994,394200
400 GB Capacity Reservation,,796576,668096,616704,662956.7999999999,513920,513920,575590.4,513920
500 GB Capacity Reservation,,978747.5,820885,757740,814570.4999999999,631450,631450,707224,631450
