SKU,SubCategory,AP East,AP Southeast,EU North,EU West,US East,US East 2,US West,US West 2
16 vCore,Premium Compute,1553.44,1242.46,1024.9199999999998,1147.56,899.36,899.36,1127.1200000000001,899.36
4 vCore,Premium Compute,388.36,310.98,256.22999999999996,286.89,224.84,224.84,281.78000000000003,224.84
8 vCore,Premium Compute,776.72,621.23,512.4599999999999,573.78,449.68,449.68,563.5600000000001,449.68
