SKU,SubCategory,AP East,AP Southeast,EU North,EU West,US East,US East 2,US West,US West 2
Memory Duration,Premium,10.439,9.270999999999999,8.687000000000001,8.833,8.979000000000001,8.322000000000001,8.906,8.322000000000001
vCPU Duration,Premium,146,129.94,121.91000000000001,123.37,126.28999999999999,116.8,124.10000000000001,116.8
